{
  "project_info": {
    "project_number": "478291143594",
    "firebase_url": "https://emergencyresponseapplica-be72c-default-rtdb.firebaseio.com",
    "project_id": "emergencyresponseapplica-be72c",
    "storage_bucket": "emergencyresponseapplica-be72c.appspot.com"
  },
  "client": [
    {
      "client_info": {
        "mobilesdk_app_id": "1:478291143594:android:38c323f00fb2d4face59d3",
        "android_client_info": {
          "package_name": "com.example.emergencyresponseapplication"
        }
      },
      "oauth_client": [
        {
          "client_id": "478291143594-26m4a6jgtvsculgro175sdklttdp7ccd.apps.googleusercontent.com",
          "client_type": 3
        }
      ],
      "api_key": [
        {
          "current_key": "AIzaSyDLAyMg60OtPg68EY-iycpIPoiqhizf-R8"
        }
      ],
      "services": {
        "appinvite_service": {
          "other_platform_oauth_client": [
            {
              "client_id": "478291143594-26m4a6jgtvsculgro175sdklttdp7ccd.apps.googleusercontent.com",
              "client_type": 3
            }
          ]
        }
      }
    }
  ],
  "configuration_version": "1"
}